<?xml version="1.0" encoding="UTF-8"?>
<actions>
<action>
	<icon>Terminal</icon>
	<name>Open in Terminal</name>
	<unique-id>1677927335927079-1</unique-id>
	<command>exo-open --working-directory %f --launch TerminalEmulator</command>
	<description>Open terminal in the selected folder</description>
	<patterns>*</patterns>
	<directories/>
</action>
<action>
	<icon>folder</icon>
	<name>Open as Root</name>
	<unique-id>1677927335927183-2</unique-id>
	<command>pkexec thunar %F</command>
	<description>Open the folder with administration privileges</description>
	<patterns>*</patterns>
	<directories/>
</action>
<action>
	<icon>emblem-symbolic-link</icon>
	<name>Create a Link</name>
	<unique-id>1677927335927287-3</unique-id>
	<command>ln -s %f  &apos;Link to %n&apos;</command>
	<description>Create a symbolic link for each selected item</description>
	<patterns>*</patterns>
	<directories/>
	<other-files/>
</action>
<action>
	<icon>gnome-run</icon>
	<name>Check SHA256</name>
	<unique-id>1677927335927300-4</unique-id>
	<command>mint-sha256sum %f</command>
	<description>Computes SHA256 checksum for the selected file.</description>
	<patterns>*.iso;*.ISO</patterns>
	<audio-files/>
	<image-files/>
	<other-files/>
	<text-files/>
	<video-files/>
</action>
<action>
	<icon>gtk-find</icon>
	<name>Search</name>
	<unique-id>1677927335927420-5</unique-id>
	<command>catfish %f</command>
	<description>Search for Files</description>
	<patterns>*</patterns>
	<directories/>
</action>
<action>
	<icon>draw-eraser</icon>
	<name>Remove metadata</name>
	<unique-id>1677930666841016-4</unique-id>
	<command>/home/locxter/.config/Thunar/scripts/remove-metadata.sh &apos;%F&apos;</command>
	<description></description>
	<patterns>*</patterns>
	<audio-files/>
	<image-files/>
	<other-files/>
	<text-files/>
	<video-files/>
</action>
<action>
	<icon>list-add</icon>
	<name>Add PDF to XOPP</name>
	<unique-id>1677930601008723-1</unique-id>
	<command>/home/locxter/.config/Thunar/scripts/add-pdf-to-xopp.sh &apos;%F&apos;</command>
	<description></description>
	<patterns>*.xopp;*.pdf</patterns>
	<other-files/>
</action>
<action>
	<icon>gtk-convert</icon>
	<name>Convert PDF to PNG</name>
	<unique-id>1677930617372746-2</unique-id>
	<command>/home/locxter/.config/Thunar/scripts/convert-pdf-to-png.sh &apos;%F&apos;</command>
	<description></description>
	<patterns>*.pdf</patterns>
	<other-files/>
</action>
<action>
	<icon>kr_combine</icon>
	<name>Merge PDFs</name>
	<unique-id>1677930633720646-3</unique-id>
	<command>/home/locxter/.config/Thunar/scripts/merge-pdfs.sh &apos;%F&apos;</command>
	<description></description>
	<patterns>*.pdf</patterns>
	<other-files/>
</action>
<action>
	<icon>gtk-convert</icon>
	<name>Convert PNG to JPEG</name>
	<unique-id>1679656327344831-1</unique-id>
	<command>/home/locxter/.config/Thunar/scripts/convert-png-to-jpeg.sh &apos;%F&apos;</command>
	<description></description>
	<patterns>*.png</patterns>
	<image-files/>
</action>
<action>
	<icon>gtk-convert</icon>
	<name>Convert JPEG to PNG</name>
	<unique-id>1679657448511815-4</unique-id>
	<command>/home/locxter/.config/Thunar/scripts/convert-jpeg-to-png.sh &apos;%F&apos;</command>
	<description></description>
	<patterns>*.jpg;*.jpeg</patterns>
	<image-files/>
</action>
<action>
	<icon>object-rotate-left</icon>
	<name>Rotate image left</name>
	<unique-id>1679656701397930-2</unique-id>
	<command>/home/locxter/.config/Thunar/scripts/rotate-image-left.sh &apos;%F&apos;</command>
	<description></description>
	<patterns>*</patterns>
	<image-files/>
</action>
<action>
	<icon>object-rotate-right</icon>
	<name>Rotate image right</name>
	<unique-id>1679656733548634-3</unique-id>
	<command>/home/locxter/.config/Thunar/scripts/rotate-image-right.sh &apos;%F&apos;</command>
	<description></description>
	<patterns>*</patterns>
	<image-files/>
</action>
<action>
	<icon>edit-link</icon>
	<name>Open URL file</name>
	<unique-id>1682781264092987-1</unique-id>
	<command>/home/locxter/.config/Thunar/scripts/open-url-file.sh &apos;%F&apos;</command>
	<description></description>
	<patterns>*.url</patterns>
	<other-files/>
</action>
<action>
	<icon>insert-link</icon>
	<name>Create URL file</name>
	<unique-id>1682782009237432-2</unique-id>
	<command>/home/locxter/.config/Thunar/scripts/create-url-file.sh</command>
	<description></description>
	<patterns>*</patterns>
	<directories/>
</action>
</actions>
