<?xml version="1.0" encoding="UTF-8"?>
<actions>
<action>
	<icon>Terminal</icon>
	<name>Open in Terminal</name>
	<unique-id>1677927335927079-1</unique-id>
	<command>exo-open --working-directory %f --launch TerminalEmulator</command>
	<description>Open terminal in the selected folder</description>
	<patterns>*</patterns>
	<directories/>
</action>
<action>
	<icon>folder</icon>
	<name>Open as Root</name>
	<unique-id>1677927335927183-2</unique-id>
	<command>pkexec thunar %F</command>
	<description>Open the folder with administration privileges</description>
	<patterns>*</patterns>
	<directories/>
</action>
<action>
	<icon>emblem-symbolic-link</icon>
	<name>Create a Link</name>
	<unique-id>1677927335927287-3</unique-id>
	<command>ln -s %f  &apos;Link to %n&apos;</command>
	<description>Create a symbolic link for each selected item</description>
	<patterns>*</patterns>
	<directories/>
	<other-files/>
</action>
<action>
	<icon>gnome-run</icon>
	<name>Check SHA256</name>
	<unique-id>1677927335927300-4</unique-id>
	<command>mint-sha256sum %f</command>
	<description>Computes SHA256 checksum for the selected file.</description>
	<patterns>*.iso;*.ISO</patterns>
	<audio-files/>
	<image-files/>
	<other-files/>
	<text-files/>
	<video-files/>
</action>
<action>
	<icon>gtk-find</icon>
	<name>Search</name>
	<unique-id>1677927335927420-5</unique-id>
	<command>catfish %f</command>
	<description>Search for Files</description>
	<patterns>*</patterns>
	<directories/>
</action>
<action>
	<icon>list-add</icon>
	<name>Add PDF to XOPP</name>
	<unique-id>1677930601008723-1</unique-id>
	<command>/home/locxter/.config/Thunar/scripts/add-pdf-to-xopp.sh %f</command>
	<description></description>
	<patterns>*.xopp;*.pdf</patterns>
	<other-files/>
</action>
<action>
	<icon>gtk-convert</icon>
	<name>Convert PDF to PNG</name>
	<unique-id>1677930617372746-2</unique-id>
	<command>/home/locxter/.config/Thunar/scripts/convert-pdf-to-png.sh %f</command>
	<description></description>
	<patterns>*.pdf</patterns>
	<other-files/>
</action>
<action>
	<icon>kr_combine</icon>
	<name>Merge PDFs</name>
	<unique-id>1677930633720646-3</unique-id>
	<command>/home/locxter/.config/Thunar/scripts/merge-pdfs.sh %f</command>
	<description></description>
	<patterns>*.pdf</patterns>
	<other-files/>
</action>
<action>
	<icon>draw-eraser</icon>
	<name>Remove metadata</name>
	<unique-id>1677930666841016-4</unique-id>
	<command>/home/locxter/.config/Thunar/scripts/remove-metadata.sh %f</command>
	<description></description>
	<patterns>*</patterns>
	<audio-files/>
	<image-files/>
	<other-files/>
	<text-files/>
	<video-files/>
</action>
</actions>
