{"feeds":{},"spocs":{"lastUpdated":1711048596291,"spocs":{"settings":{"feature_flags":{"collections":false,"spoc_v2":true},"spocsPerNewTabs":1,"domainAffinityParameterSets":{"default":{"combinedDomainFactor":0.5,"frequencyFactor":0.5,"itemScoreFactor":1,"multiDomainBoost":0,"perfectCombinedDomainScore":2,"perfectFrequencyVisits":10,"recencyFactor":0.5},"fully-personalized":{"combinedDomainFactor":0.5,"frequencyFactor":0.5,"itemScoreFactor":0.01,"multiDomainBoost":0,"perfectCombinedDomainScore":2,"perfectFrequencyVisits":10,"recencyFactor":0.5},"fully-personalized-domains":{"combinedDomainFactor":0.5,"frequencyFactor":0.5,"itemScoreFactor":0.01,"multiDomainBoost":0,"perfectCombinedDomainScore":10,"perfectFrequencyVisits":1,"recencyFactor":0.5}},"timeSegments":[{"id":"week-1","startTime":432000,"endTime":0,"weightPosition":1},{"id":"week-2","startTime":864000,"endTime":432000,"weightPosition":1},{"id":"week-3","startTime":1296000,"endTime":864000,"weightPosition":1},{"id":"week-4","startTime":1728000,"endTime":1296000,"weightPosition":1},{"id":"week-5","startTime":2160000,"endTime":1728000,"weightPosition":1},{"id":"week-6","startTime":2592000,"endTime":2160000,"weightPosition":1}]},"sponsored-topsites":{"title":"","context":"","items":[]}}},"sov":{}}