<?xml version="1.0" encoding="UTF-8"?>

<channel name="displays" version="1.0">
  <property name="ActiveProfile" type="string" value="Default"/>
  <property name="Default" type="empty">
    <property name="HDMI-A-0" type="string" value="AOC International 33&quot;">
      <property name="Active" type="bool" value="true"/>
      <property name="EDID" type="string" value="7f2541afb6bdc52afed444797f062a9be3e80dcc"/>
      <property name="Resolution" type="string" value="2560x1440"/>
      <property name="RefreshRate" type="double" value="59.950550"/>
      <property name="Rotation" type="int" value="0"/>
      <property name="Reflection" type="string" value="0"/>
      <property name="Primary" type="bool" value="false"/>
      <property name="Scale" type="empty">
        <property name="X" type="double" value="1.000000"/>
        <property name="Y" type="double" value="1.000000"/>
      </property>
      <property name="Position" type="empty">
        <property name="X" type="int" value="0"/>
        <property name="Y" type="int" value="210"/>
      </property>
    </property>
    <property name="HDMI-A-1" type="string" value="AOC International 24&quot;">
      <property name="Active" type="bool" value="true"/>
      <property name="EDID" type="string" value="b48c151557c8dc3a80bbbf25690aba3a1b6ccf21"/>
      <property name="Resolution" type="string" value="1920x1080"/>
      <property name="RefreshRate" type="double" value="60.000000"/>
      <property name="Rotation" type="int" value="90"/>
      <property name="Reflection" type="string" value="0"/>
      <property name="Primary" type="bool" value="false"/>
      <property name="Scale" type="empty">
        <property name="X" type="double" value="1.000000"/>
        <property name="Y" type="double" value="1.000000"/>
      </property>
      <property name="Position" type="empty">
        <property name="X" type="int" value="2560"/>
        <property name="Y" type="int" value="0"/>
      </property>
    </property>
  </property>
  <property name="Fallback" type="empty">
    <property name="HDMI-A-0" type="string" value="AOC International 33&quot;">
      <property name="Active" type="bool" value="true"/>
      <property name="EDID" type="string" value="7f2541afb6bdc52afed444797f062a9be3e80dcc"/>
      <property name="Resolution" type="string" value="2560x1440"/>
      <property name="RefreshRate" type="double" value="59.950550"/>
      <property name="Rotation" type="int" value="0"/>
      <property name="Reflection" type="string" value="0"/>
      <property name="Primary" type="bool" value="false"/>
      <property name="Scale" type="empty">
        <property name="X" type="double" value="1.000000"/>
        <property name="Y" type="double" value="1.000000"/>
      </property>
      <property name="Position" type="empty">
        <property name="X" type="int" value="0"/>
        <property name="Y" type="int" value="210"/>
      </property>
    </property>
    <property name="HDMI-A-1" type="string" value="AOC International 24&quot;">
      <property name="Active" type="bool" value="true"/>
      <property name="EDID" type="string" value="b48c151557c8dc3a80bbbf25690aba3a1b6ccf21"/>
      <property name="Resolution" type="string" value="1920x1080"/>
      <property name="RefreshRate" type="double" value="60.000000"/>
      <property name="Rotation" type="int" value="90"/>
      <property name="Reflection" type="string" value="0"/>
      <property name="Primary" type="bool" value="false"/>
      <property name="Scale" type="empty">
        <property name="X" type="double" value="1.000000"/>
        <property name="Y" type="double" value="1.000000"/>
      </property>
      <property name="Position" type="empty">
        <property name="X" type="int" value="2560"/>
        <property name="Y" type="int" value="0"/>
      </property>
    </property>
  </property>
  <property name="Notify" type="bool" value="true"/>
  <property name="AutoEnableProfiles" type="bool" value="true"/>
</channel>
