<?xml version="1.0" encoding="UTF-8"?>

<channel name="thunar" version="1.0">
  <property name="misc-volume-management" type="empty"/>
  <property name="shortcuts-icon-size" type="empty"/>
  <property name="misc-thumbnail-mode" type="empty"/>
  <property name="misc-show-delete-action" type="empty"/>
  <property name="last-location-bar" type="empty"/>
  <property name="last-view" type="string" value="ThunarIconView"/>
  <property name="last-icon-view-zoom-level" type="string" value="THUNAR_ZOOM_LEVEL_100_PERCENT"/>
  <property name="last-window-width" type="int" value="548"/>
  <property name="last-window-height" type="int" value="985"/>
  <property name="last-window-maximized" type="bool" value="false"/>
  <property name="last-separator-position" type="int" value="170"/>
  <property name="misc-single-click" type="bool" value="false"/>
  <property name="last-show-hidden" type="bool" value="true"/>
  <property name="last-side-pane" type="string" value="ThunarShortcutsPane"/>
  <property name="misc-confirm-close-multiple-tabs" type="bool" value="false"/>
</channel>
