<?xml version="1.0" encoding="UTF-8"?>

<channel name="xfce4-session" version="1.0">
  <property name="general" type="empty">
    <property name="FailsafeSessionName" type="empty"/>
    <property name="LockCommand" type="empty"/>
    <property name="SaveOnExit" type="bool" value="false"/>
    <property name="AutoSave" type="empty"/>
    <property name="SessionName" type="string" value="Default"/>
  </property>
  <property name="sessions" type="empty">
    <property name="Failsafe" type="empty">
      <property name="IsFailsafe" type="empty"/>
      <property name="Count" type="empty"/>
      <property name="Client0_Command" type="array">
        <value type="string" value="xfsettingsd"/>
      </property>
      <property name="Client0_Priority" type="empty"/>
      <property name="Client0_PerScreen" type="empty"/>
      <property name="Client1_Command" type="array">
        <value type="string" value="xfdesktop"/>
      </property>
      <property name="Client1_Priority" type="empty"/>
      <property name="Client1_PerScreen" type="empty"/>
      <property name="Client2_Command" type="array">
        <value type="string" value="xfce4-panel"/>
      </property>
      <property name="Client2_Priority" type="empty"/>
      <property name="Client2_PerScreen" type="empty"/>
      <property name="Client3_Command" type="array">
        <value type="string" value="bspwm"/>
      </property>
      <property name="Client3_Priority" type="empty"/>
      <property name="Client3_PerScreen" type="empty"/>
      <property name="Client4_Command" type="empty"/>
      <property name="Client4_Priority" type="empty"/>
      <property name="Client4_PerScreen" type="empty"/>
    </property>
  </property>
  <property name="splash" type="empty">
    <property name="Engine" type="empty"/>
  </property>
  <property name="shutdown" type="empty">
    <property name="LockScreen" type="bool" value="true"/>
  </property>
  <property name="compat" type="empty">
    <property name="LaunchGNOME" type="bool" value="true"/>
  </property>
</channel>
