<?xml version="1.0" encoding="UTF-8"?>

<channel name="xfce4-power-manager" version="1.0">
  <property name="xfce4-power-manager" type="empty">
    <property name="power-button-action" type="empty"/>
    <property name="lid-action-on-battery" type="empty"/>
    <property name="show-panel-label" type="empty"/>
    <property name="show-tray-icon" type="bool" value="false"/>
    <property name="dpms-enabled" type="bool" value="true"/>
    <property name="lock-screen-suspend-hibernate" type="bool" value="true"/>
    <property name="logind-handle-lid-switch" type="bool" value="true"/>
    <property name="blank-on-ac" type="int" value="5"/>
    <property name="dpms-on-ac-sleep" type="uint" value="10"/>
    <property name="brightness-switch-restore-on-exit" type="int" value="1"/>
    <property name="brightness-switch" type="int" value="0"/>
    <property name="brightness-on-battery" type="uint" value="9"/>
    <property name="blank-on-battery" type="int" value="5"/>
    <property name="dpms-on-battery-sleep" type="uint" value="10"/>
    <property name="dpms-on-battery-off" type="uint" value="15"/>
    <property name="brightness-level-on-battery" type="uint" value="80"/>
    <property name="lid-action-on-ac" type="uint" value="1"/>
    <property name="critical-power-action" type="uint" value="3"/>
  </property>
</channel>
