<?xml version="1.0" encoding="UTF-8"?>

<channel name="xfce4-keyboard-shortcuts" version="1.0">
  <property name="commands" type="empty">
    <property name="default" type="empty">
      <property name="&lt;Alt&gt;F1" type="empty"/>
      <property name="&lt;Alt&gt;F2" type="empty">
        <property name="startup-notify" type="empty"/>
      </property>
      <property name="&lt;Alt&gt;F3" type="empty">
        <property name="startup-notify" type="empty"/>
      </property>
      <property name="&lt;Primary&gt;&lt;Alt&gt;Delete" type="empty"/>
      <property name="&lt;Primary&gt;&lt;Alt&gt;l" type="empty"/>
      <property name="&lt;Primary&gt;&lt;Alt&gt;t" type="empty"/>
      <property name="XF86Display" type="empty"/>
      <property name="&lt;Super&gt;p" type="empty"/>
      <property name="&lt;Primary&gt;Escape" type="empty"/>
      <property name="XF86WWW" type="empty"/>
      <property name="HomePage" type="empty"/>
      <property name="XF86Mail" type="empty"/>
      <property name="Print" type="empty"/>
      <property name="&lt;Alt&gt;Print" type="empty"/>
      <property name="&lt;Shift&gt;Print" type="empty"/>
      <property name="&lt;Super&gt;e" type="empty"/>
      <property name="&lt;Primary&gt;&lt;Alt&gt;f" type="empty"/>
      <property name="&lt;Primary&gt;&lt;Alt&gt;Escape" type="empty"/>
      <property name="&lt;Primary&gt;&lt;Shift&gt;Escape" type="empty"/>
      <property name="&lt;Super&gt;r" type="empty">
        <property name="startup-notify" type="empty"/>
      </property>
      <property name="Super_L" type="empty"/>
    </property>
    <property name="custom" type="empty">
      <property name="&lt;Alt&gt;F2" type="empty">
        <property name="startup-notify" type="bool" value="true"/>
      </property>
      <property name="&lt;Super&gt;r" type="empty">
        <property name="startup-notify" type="bool" value="true"/>
      </property>
      <property name="&lt;Alt&gt;F3" type="empty">
        <property name="startup-notify" type="bool" value="true"/>
      </property>
      <property name="override" type="bool" value="true"/>
      <property name="&lt;Super&gt;Return" type="string" value="exo-open --launch TerminalEmulator"/>
      <property name="&lt;Shift&gt;&lt;Super&gt;Return" type="string" value="exo-open --launch WebBrowser"/>
      <property name="&lt;Primary&gt;&lt;Super&gt;Return" type="string" value="exo-open --launch FileManager"/>
      <property name="&lt;Super&gt;space" type="string" value="xfce4-popup-whiskermenu"/>
      <property name="Print" type="string" value="xfce4-screenshooter -f"/>
      <property name="&lt;Shift&gt;Print" type="string" value="xfce4-screenshooter -r"/>
      <property name="&lt;Primary&gt;Print" type="string" value="xfce4-screenshooter -f -c"/>
      <property name="&lt;Primary&gt;&lt;Shift&gt;Print" type="string" value="xfce4-screenshooter -r -c"/>
      <property name="&lt;Alt&gt;&lt;Super&gt;q" type="string" value="xfce4-session-logout"/>
      <property name="&lt;Alt&gt;&lt;Super&gt;r" type="string" value="bspc wm -r"/>
      <property name="&lt;Super&gt;w" type="string" value="bspc node -c"/>
      <property name="&lt;Shift&gt;&lt;Super&gt;w" type="string" value="bspc node -k"/>
      <property name="&lt;Super&gt;m" type="string" value="bspc desktop -l next"/>
      <property name="&lt;Super&gt;z" type="string" value="bspc node newest.marked.local -n newest.!automatic.local"/>
      <property name="&lt;Super&gt;g" type="string" value="bspc node -s biggest.window"/>
      <property name="&lt;Super&gt;t" type="string" value="bspc node -t tiled"/>
      <property name="&lt;Shift&gt;&lt;Super&gt;t" type="string" value="bspc node -t pseudo_tiled"/>
      <property name="&lt;Super&gt;s" type="string" value="bspc node -t floating"/>
      <property name="&lt;Super&gt;f" type="string" value="bspc node -t fullscreen"/>
      <property name="&lt;Primary&gt;&lt;Super&gt;m" type="string" value="bspc node -g marked"/>
      <property name="&lt;Primary&gt;&lt;Super&gt;x" type="string" value="bspc node -g locked"/>
      <property name="&lt;Primary&gt;&lt;Super&gt;z" type="string" value="bspc node -g sticky"/>
      <property name="&lt;Primary&gt;&lt;Super&gt;y" type="string" value="bspc node -g private"/>
      <property name="&lt;Super&gt;h" type="string" value="bspc node -f west"/>
      <property name="&lt;Super&gt;j" type="string" value="bspc node -f south"/>
      <property name="&lt;Super&gt;k" type="string" value="bspc node -f north"/>
      <property name="&lt;Super&gt;l" type="string" value="bspc node -f east"/>
      <property name="&lt;Shift&gt;&lt;Super&gt;h" type="string" value="bspc node -s west"/>
      <property name="&lt;Shift&gt;&lt;Super&gt;j" type="string" value="bspc node -s south"/>
      <property name="&lt;Shift&gt;&lt;Super&gt;k" type="string" value="bspc node -s north"/>
      <property name="&lt;Shift&gt;&lt;Super&gt;l" type="string" value="bspc node -s east"/>
      <property name="&lt;Super&gt;p" type="string" value="bspc node -f @parent"/>
      <property name="&lt;Super&gt;b" type="string" value="bspc node -f @brother"/>
      <property name="&lt;Super&gt;comma" type="string" value="bspc node -f @first"/>
      <property name="&lt;Super&gt;period" type="string" value="bspc node -f @second"/>
      <property name="&lt;Super&gt;c" type="string" value="bspc node -f next.local.!hidden.window"/>
      <property name="&lt;Shift&gt;&lt;Super&gt;c" type="string" value="bspc node -f prev.local.!hidden.window"/>
      <property name="&lt;Super&gt;udiaeresis" type="string" value="bspc desktop -f prev.local"/>
      <property name="&lt;Super&gt;plus" type="string" value="bspc desktop -f next.local"/>
      <property name="&lt;Super&gt;dead_circumflex" type="string" value="bspc node -f last"/>
      <property name="&lt;Super&gt;Tab" type="string" value="bspc desktop -f last"/>
      <property name="&lt;Super&gt;1" type="string" value="bspc desktop -f &apos;^1&apos;"/>
      <property name="&lt;Super&gt;2" type="string" value="bspc desktop -f &apos;^2&apos;"/>
      <property name="&lt;Super&gt;3" type="string" value="bspc desktop -f &apos;^3&apos;"/>
      <property name="&lt;Super&gt;4" type="string" value="bspc desktop -f &apos;^4&apos;"/>
      <property name="&lt;Super&gt;5" type="string" value="bspc desktop -f &apos;^5&apos;"/>
      <property name="&lt;Super&gt;6" type="string" value="bspc desktop -f &apos;^6&apos;"/>
      <property name="&lt;Super&gt;7" type="string" value="bspc desktop -f &apos;^7&apos;"/>
      <property name="&lt;Super&gt;8" type="string" value="bspc desktop -f &apos;^8&apos;"/>
      <property name="&lt;Super&gt;9" type="string" value="bspc desktop -f &apos;^9&apos;"/>
      <property name="&lt;Super&gt;0" type="string" value="bspc desktop -f &apos;^10&apos;"/>
      <property name="&lt;Shift&gt;&lt;Super&gt;exclam" type="string" value="bspc node -d &apos;^1&apos;"/>
      <property name="&lt;Shift&gt;&lt;Super&gt;quotedbl" type="string" value="bspc node -d &apos;^2&apos;"/>
      <property name="&lt;Shift&gt;&lt;Super&gt;section" type="string" value="bspc node -d &apos;^3&apos;"/>
      <property name="&lt;Shift&gt;&lt;Super&gt;dollar" type="string" value="bspc node -d &apos;^4&apos;"/>
      <property name="&lt;Shift&gt;&lt;Super&gt;percent" type="string" value="bspc node -d &apos;^5&apos;"/>
      <property name="&lt;Shift&gt;&lt;Super&gt;ampersand" type="string" value="bspc node -d &apos;^6&apos;"/>
      <property name="&lt;Shift&gt;&lt;Super&gt;slash" type="string" value="bspc node -d &apos;^7&apos;"/>
      <property name="&lt;Shift&gt;&lt;Super&gt;parenleft" type="string" value="bspc node -d &apos;^8&apos;"/>
      <property name="&lt;Shift&gt;&lt;Super&gt;parenright" type="string" value="bspc node -d &apos;^9&apos;"/>
      <property name="&lt;Shift&gt;&lt;Super&gt;equal" type="string" value="bspc node -d &apos;^10&apos;"/>
      <property name="&lt;Primary&gt;&lt;Super&gt;h" type="string" value="bspc node -p west"/>
      <property name="&lt;Primary&gt;&lt;Super&gt;j" type="string" value="bspc node -p south"/>
      <property name="&lt;Primary&gt;&lt;Super&gt;k" type="string" value="bspc node -p north"/>
      <property name="&lt;Primary&gt;&lt;Super&gt;l" type="string" value="bspc node -p east"/>
      <property name="&lt;Primary&gt;&lt;Super&gt;1" type="string" value="bspc node -o 0.1"/>
      <property name="&lt;Primary&gt;&lt;Super&gt;2" type="string" value="bspc node -o 0.2"/>
      <property name="&lt;Primary&gt;&lt;Super&gt;3" type="string" value="bspc node -o 0.3"/>
      <property name="&lt;Primary&gt;&lt;Super&gt;4" type="string" value="bspc node -o 0.4"/>
      <property name="&lt;Primary&gt;&lt;Super&gt;5" type="string" value="bspc node -o 0.5"/>
      <property name="&lt;Primary&gt;&lt;Super&gt;6" type="string" value="bspc node -o 0.6"/>
      <property name="&lt;Primary&gt;&lt;Super&gt;7" type="string" value="bspc node -o 0.7"/>
      <property name="&lt;Primary&gt;&lt;Super&gt;8" type="string" value="bspc node -o 0.8"/>
      <property name="&lt;Primary&gt;&lt;Super&gt;9" type="string" value="bspc node -o 0.9"/>
      <property name="&lt;Primary&gt;&lt;Super&gt;space" type="string" value="bspc node -p cancel"/>
      <property name="&lt;Alt&gt;&lt;Super&gt;h" type="string" value="bspc node -z left -20 0"/>
      <property name="&lt;Alt&gt;&lt;Super&gt;j" type="string" value="bspc node -z bottom 0 20"/>
      <property name="&lt;Alt&gt;&lt;Super&gt;k" type="string" value="bspc node -z top 0 -20"/>
      <property name="&lt;Alt&gt;&lt;Super&gt;l" type="string" value="bspc node -z right 20 0"/>
      <property name="&lt;Shift&gt;&lt;Alt&gt;&lt;Super&gt;h" type="string" value="bspc node -z right -20 0"/>
      <property name="&lt;Shift&gt;&lt;Alt&gt;&lt;Super&gt;j" type="string" value="bspc node -z top 0 20"/>
      <property name="&lt;Shift&gt;&lt;Alt&gt;&lt;Super&gt;k" type="string" value="bspc node -z bottom 0 -20"/>
      <property name="&lt;Shift&gt;&lt;Alt&gt;&lt;Super&gt;l" type="string" value="bspc node -z left 20 0"/>
      <property name="&lt;Super&gt;Left" type="string" value="bspc node -v -20 0"/>
      <property name="&lt;Super&gt;Down" type="string" value="bspc node -v 0 20"/>
      <property name="&lt;Super&gt;Up" type="string" value="bspc node -v 0 -20"/>
      <property name="&lt;Super&gt;Right" type="string" value="bspc node -v 20 0"/>
      <property name="&lt;Alt&gt;&lt;Super&gt;w" type="string" value="xflock4"/>
      <property name="&lt;Super&gt;i" type="string" value="bash -c &quot;bspc wm -h off; bspc node newer -f; bspc wm -h on&quot;"/>
      <property name="&lt;Super&gt;o" type="string" value="bash -c &quot;bspc wm -h off; bspc node older -f; bspc wm -h on&quot;"/>
      <property name="&lt;Primary&gt;&lt;Shift&gt;&lt;Super&gt;space" type="string" value="bash -c &quot;bspc query -N -d | xargs -I id -n 1 bspc node id -p cancel&quot;"/>
    </property>
  </property>
  <property name="xfwm4" type="empty">
    <property name="default" type="empty">
      <property name="&lt;Alt&gt;Insert" type="empty"/>
      <property name="Escape" type="empty"/>
      <property name="Left" type="empty"/>
      <property name="Right" type="empty"/>
      <property name="Up" type="empty"/>
      <property name="Down" type="empty"/>
      <property name="&lt;Alt&gt;Tab" type="empty"/>
      <property name="&lt;Alt&gt;&lt;Shift&gt;Tab" type="empty"/>
      <property name="&lt;Alt&gt;Delete" type="empty"/>
      <property name="&lt;Primary&gt;&lt;Alt&gt;Down" type="empty"/>
      <property name="&lt;Primary&gt;&lt;Alt&gt;Left" type="empty"/>
      <property name="&lt;Shift&gt;&lt;Alt&gt;Page_Down" type="empty"/>
      <property name="&lt;Alt&gt;F4" type="empty"/>
      <property name="&lt;Alt&gt;F6" type="empty"/>
      <property name="&lt;Alt&gt;F7" type="empty"/>
      <property name="&lt;Alt&gt;F8" type="empty"/>
      <property name="&lt;Alt&gt;F9" type="empty"/>
      <property name="&lt;Alt&gt;F10" type="empty"/>
      <property name="&lt;Alt&gt;F11" type="empty"/>
      <property name="&lt;Alt&gt;F12" type="empty"/>
      <property name="&lt;Primary&gt;&lt;Shift&gt;&lt;Alt&gt;Left" type="empty"/>
      <property name="&lt;Primary&gt;&lt;Alt&gt;End" type="empty"/>
      <property name="&lt;Primary&gt;&lt;Alt&gt;Home" type="empty"/>
      <property name="&lt;Primary&gt;&lt;Shift&gt;&lt;Alt&gt;Right" type="empty"/>
      <property name="&lt;Primary&gt;&lt;Shift&gt;&lt;Alt&gt;Up" type="empty"/>
      <property name="&lt;Primary&gt;&lt;Alt&gt;KP_1" type="empty"/>
      <property name="&lt;Primary&gt;&lt;Alt&gt;KP_2" type="empty"/>
      <property name="&lt;Primary&gt;&lt;Alt&gt;KP_3" type="empty"/>
      <property name="&lt;Primary&gt;&lt;Alt&gt;KP_4" type="empty"/>
      <property name="&lt;Primary&gt;&lt;Alt&gt;KP_5" type="empty"/>
      <property name="&lt;Primary&gt;&lt;Alt&gt;KP_6" type="empty"/>
      <property name="&lt;Primary&gt;&lt;Alt&gt;KP_7" type="empty"/>
      <property name="&lt;Primary&gt;&lt;Alt&gt;KP_8" type="empty"/>
      <property name="&lt;Primary&gt;&lt;Alt&gt;KP_9" type="empty"/>
      <property name="&lt;Alt&gt;space" type="empty"/>
      <property name="&lt;Shift&gt;&lt;Alt&gt;Page_Up" type="empty"/>
      <property name="&lt;Primary&gt;&lt;Alt&gt;Right" type="empty"/>
      <property name="&lt;Primary&gt;&lt;Alt&gt;d" type="empty"/>
      <property name="&lt;Primary&gt;&lt;Alt&gt;Up" type="empty"/>
      <property name="&lt;Super&gt;Tab" type="empty"/>
      <property name="&lt;Primary&gt;F1" type="empty"/>
      <property name="&lt;Primary&gt;F2" type="empty"/>
      <property name="&lt;Primary&gt;F3" type="empty"/>
      <property name="&lt;Primary&gt;F4" type="empty"/>
      <property name="&lt;Primary&gt;F5" type="empty"/>
      <property name="&lt;Primary&gt;F6" type="empty"/>
      <property name="&lt;Primary&gt;F7" type="empty"/>
      <property name="&lt;Primary&gt;F8" type="empty"/>
      <property name="&lt;Primary&gt;F9" type="empty"/>
      <property name="&lt;Primary&gt;F10" type="empty"/>
      <property name="&lt;Primary&gt;F11" type="empty"/>
      <property name="&lt;Primary&gt;F12" type="empty"/>
      <property name="&lt;Super&gt;KP_Left" type="empty"/>
      <property name="&lt;Super&gt;KP_Right" type="empty"/>
      <property name="&lt;Super&gt;KP_Up" type="empty"/>
      <property name="&lt;Super&gt;KP_Down" type="empty"/>
      <property name="&lt;Super&gt;KP_Page_Up" type="empty"/>
      <property name="&lt;Super&gt;KP_Home" type="empty"/>
      <property name="&lt;Super&gt;KP_End" type="empty"/>
      <property name="&lt;Super&gt;KP_Next" type="empty"/>
      <property name="&lt;Control&gt;F3" type="empty"/>
      <property name="&lt;Control&gt;F4" type="empty"/>
      <property name="&lt;Control&gt;F5" type="empty"/>
      <property name="&lt;Control&gt;F6" type="empty"/>
      <property name="&lt;Control&gt;F7" type="empty"/>
      <property name="&lt;Control&gt;F8" type="empty"/>
      <property name="&lt;Control&gt;F9" type="empty"/>
      <property name="&lt;Control&gt;&lt;Alt&gt;Right" type="empty"/>
      <property name="&lt;Control&gt;&lt;Alt&gt;d" type="empty"/>
      <property name="&lt;Control&gt;&lt;Shift&gt;&lt;Alt&gt;Left" type="empty"/>
      <property name="&lt;Control&gt;&lt;Shift&gt;&lt;Alt&gt;Right" type="empty"/>
      <property name="&lt;Control&gt;&lt;Alt&gt;Down" type="empty"/>
      <property name="&lt;Alt&gt;&lt;Control&gt;KP_1" type="empty"/>
      <property name="&lt;Alt&gt;&lt;Control&gt;KP_2" type="empty"/>
      <property name="&lt;Alt&gt;&lt;Control&gt;KP_3" type="empty"/>
      <property name="&lt;Alt&gt;&lt;Control&gt;KP_4" type="empty"/>
      <property name="&lt;Alt&gt;&lt;Control&gt;KP_5" type="empty"/>
      <property name="&lt;Alt&gt;&lt;Control&gt;KP_6" type="empty"/>
      <property name="&lt;Control&gt;&lt;Shift&gt;&lt;Alt&gt;Up" type="empty"/>
      <property name="&lt;Alt&gt;&lt;Control&gt;KP_8" type="empty"/>
      <property name="&lt;Alt&gt;&lt;Control&gt;KP_9" type="empty"/>
      <property name="&lt;Control&gt;&lt;Alt&gt;Up" type="empty"/>
      <property name="&lt;Control&gt;F10" type="empty"/>
      <property name="&lt;Alt&gt;&lt;Control&gt;KP_7" type="empty"/>
      <property name="&lt;Alt&gt;&lt;Control&gt;End" type="empty"/>
      <property name="&lt;Control&gt;&lt;Alt&gt;Left" type="empty"/>
      <property name="&lt;Control&gt;F12" type="empty"/>
      <property name="&lt;Alt&gt;&lt;Control&gt;Home" type="empty"/>
      <property name="&lt;Control&gt;F2" type="empty"/>
      <property name="&lt;Control&gt;F1" type="empty"/>
      <property name="&lt;Control&gt;F11" type="empty"/>
    </property>
    <property name="custom" type="empty">
      <property name="&lt;Primary&gt;&lt;Shift&gt;&lt;Alt&gt;Left" type="string" value="move_window_left_key"/>
      <property name="&lt;Control&gt;&lt;Shift&gt;&lt;Alt&gt;Left" type="string" value="move_window_left_key"/>
      <property name="&lt;Control&gt;&lt;Shift&gt;&lt;Alt&gt;Up" type="string" value="move_window_up_key"/>
      <property name="&lt;Primary&gt;&lt;Shift&gt;&lt;Alt&gt;Up" type="string" value="move_window_up_key"/>
      <property name="&lt;Primary&gt;&lt;Shift&gt;&lt;Alt&gt;Right" type="string" value="move_window_right_key"/>
      <property name="&lt;Control&gt;&lt;Shift&gt;&lt;Alt&gt;Right" type="string" value="move_window_right_key"/>
      <property name="override" type="bool" value="true"/>
    </property>
  </property>
  <property name="providers" type="empty"/>
</channel>
