<?xml version="1.0" encoding="UTF-8"?>

<channel name="xfce4-panel" version="1.0">
  <property name="configver" type="empty"/>
  <property name="panels" type="empty">
    <property name="panel-1" type="empty">
      <property name="position" type="string" value="p=6;x=1280;y=17"/>
      <property name="length" type="empty"/>
      <property name="position-locked" type="bool" value="true"/>
      <property name="size" type="empty"/>
      <property name="background-style" type="empty"/>
      <property name="background-alpha" type="empty"/>
      <property name="enter-opacity" type="empty"/>
      <property name="leave-opacity" type="empty"/>
      <property name="plugin-ids" type="array">
        <value type="int" value="1"/>
        <value type="int" value="14"/>
        <value type="int" value="6"/>
        <value type="int" value="7"/>
        <value type="int" value="3"/>
        <value type="int" value="2"/>
        <value type="int" value="8"/>
        <value type="int" value="9"/>
        <value type="int" value="10"/>
        <value type="int" value="11"/>
        <value type="int" value="12"/>
        <value type="int" value="13"/>
      </property>
      <property name="output-name" type="string" value="Primary"/>
    </property>
  </property>
  <property name="plugins" type="empty">
    <property name="plugin-1" type="empty"/>
    <property name="plugin-2" type="string" value="separator">
      <property name="style" type="uint" value="0"/>
    </property>
    <property name="plugin-3" type="string" value="pager">
      <property name="items" type="empty"/>
      <property name="rows" type="uint" value="1"/>
    </property>
    <property name="plugin-4" type="empty">
      <property name="items" type="empty"/>
    </property>
    <property name="plugin-5" type="empty">
      <property name="items" type="empty"/>
    </property>
    <property name="plugin-6" type="empty">
      <property name="show-handle" type="empty"/>
      <property name="middle-click" type="uint" value="0"/>
      <property name="window-scrolling" type="bool" value="true"/>
    </property>
    <property name="plugin-7" type="empty">
      <property name="expand" type="empty"/>
      <property name="style" type="empty"/>
    </property>
    <property name="plugin-8" type="empty">
      <property name="names-visible" type="empty"/>
      <property name="show-frame" type="empty"/>
      <property name="known-items" type="array">
        <value type="string" value="Onboard"/>
        <value type="string" value="blueman"/>
      </property>
      <property name="known-legacy-items" type="array">
        <value type="string" value="workrave"/>
        <value type="string" value="thunar"/>
      </property>
    </property>
    <property name="plugin-9" type="empty"/>
    <property name="plugin-10" type="empty"/>
    <property name="plugin-11" type="empty"/>
    <property name="plugin-12" type="empty">
      <property name="enable-keyboard-shortcuts" type="empty"/>
      <property name="enable-mpris" type="empty"/>
      <property name="mixer-command" type="empty"/>
      <property name="show-notifications" type="empty"/>
      <property name="mpris-players" type="string" value="chromium.instance15198;chromium.instance6017;firefox.instance2887;rhythmbox"/>
    </property>
    <property name="plugin-13" type="empty">
      <property name="digital-format" type="empty"/>
    </property>
    <property name="plugin-14" type="empty">
      <property name="style" type="uint" value="0"/>
    </property>
  </property>
</channel>
