<?xml version="1.0" encoding="UTF-8"?>

<channel name="xfce4-notifyd" version="1.0">
  <property name="notify-location" type="empty"/>
  <property name="theme" type="empty"/>
  <property name="initial-opacity" type="empty"/>
  <property name="expire-timeout" type="empty"/>
  <property name="primary-monitor" type="uint" value="1"/>
  <property name="do-fadeout" type="empty"/>
  <property name="applications" type="empty">
    <property name="known_applications" type="array">
      <value type="string" value="blueman"/>
      <value type="string" value="ca.desrt.dconf-editor"/>
      <value type="string" value="chromium-browser"/>
      <value type="string" value="nm-applet"/>
      <value type="string" value="org.gnome.DejaDup"/>
      <value type="string" value="org.xfce.Thunar"/>
      <value type="string" value="signal"/>
      <value type="string" value="thunar-volman"/>
      <value type="string" value="Xfce volume daemon"/>
      <value type="string" value="xfce4-settings-helper"/>
    </property>
  </property>
  <property name="log-level" type="uint" value="0"/>
  <property name="log-level-apps" type="uint" value="0"/>
  <property name="do-not-disturb" type="bool" value="true"/>
</channel>
