{
    "installed": {
        "GenericABS": {
            "filename": "/home/locxter/.cache/cura/4.4/cura_packages/GenericABS.curapackage",
            "package_info": {
                "author": {
                    "author_id": "Generic",
                    "display_name": "Generic",
                    "email": "plugins+generic@ultimaker.com",
                    "website": "https://www.ultimaker.com"
                },
                "description": "The generic ABS profile which other profiles can be based upon.",
                "display_name": "Generic ABS",
                "is_active": false,
                "is_bundled": true,
                "is_installed": true,
                "package_id": "GenericABS",
                "package_type": "material",
                "package_version": "1.2.2",
                "sdk_version": 7,
                "sdk_version_semver": "7.0.0",
                "website": "https://support.ultimaker.com/hc/en-us/categories/360002336619-Materials"
            }
        },
        "GenericBAM": {
            "filename": "/home/locxter/.cache/cura/4.4/cura_packages/GenericBAM.curapackage",
            "package_info": {
                "author": {
                    "author_id": "Generic",
                    "display_name": "Generic",
                    "email": "plugins+generic@ultimaker.com",
                    "website": "https://www.ultimaker.com"
                },
                "description": "The generic BAM profile which other profiles can be based upon.",
                "display_name": "Generic BAM",
                "is_active": false,
                "is_bundled": true,
                "is_installed": true,
                "package_id": "GenericBAM",
                "package_type": "material",
                "package_version": "1.2.2",
                "sdk_version": 7,
                "sdk_version_semver": "7.0.0",
                "website": "https://support.ultimaker.com/hc/en-us/categories/360002336619-Materials"
            }
        },
        "GenericCFFCPE": {
            "filename": "/home/locxter/.cache/cura/4.4/cura_packages/GenericCFFCPE.curapackage",
            "package_info": {
                "author": {
                    "author_id": "Generic",
                    "display_name": "Generic",
                    "email": "plugins+generic@ultimaker.com",
                    "website": "https://www.ultimaker.com"
                },
                "description": "The generic CFF CPE profile which other profiles can be based upon.",
                "display_name": "Generic CFF CPE",
                "is_active": false,
                "is_bundled": true,
                "is_installed": true,
                "package_id": "GenericCFFCPE",
                "package_type": "material",
                "package_version": "1.2.2",
                "sdk_version": 7,
                "sdk_version_semver": "7.0.0",
                "website": "https://support.ultimaker.com/hc/en-us/categories/360002336619-Materials"
            }
        },
        "GenericCFFPA": {
            "filename": "/home/locxter/.cache/cura/4.4/cura_packages/GenericCFFPA.curapackage",
            "package_info": {
                "author": {
                    "author_id": "Generic",
                    "display_name": "Generic",
                    "email": "plugins+generic@ultimaker.com",
                    "website": "https://www.ultimaker.com"
                },
                "description": "The generic CFF PA profile which other profiles can be based upon.",
                "display_name": "Generic CFF PA",
                "is_active": false,
                "is_bundled": true,
                "is_installed": true,
                "package_id": "GenericCFFPA",
                "package_type": "material",
                "package_version": "1.2.2",
                "sdk_version": 7,
                "sdk_version_semver": "7.0.0",
                "website": "https://support.ultimaker.com/hc/en-us/categories/360002336619-Materials"
            }
        },
        "GenericCPE": {
            "filename": "/home/locxter/.cache/cura/4.4/cura_packages/GenericCPE.curapackage",
            "package_info": {
                "author": {
                    "author_id": "Generic",
                    "display_name": "Generic",
                    "email": "plugins+generic@ultimaker.com",
                    "website": "https://www.ultimaker.com"
                },
                "description": "The generic CPE profile which other profiles can be based upon.",
                "display_name": "Generic CPE",
                "is_active": false,
                "is_bundled": true,
                "is_installed": true,
                "package_id": "GenericCPE",
                "package_type": "material",
                "package_version": "1.2.2",
                "sdk_version": 7,
                "sdk_version_semver": "7.0.0",
                "website": "https://support.ultimaker.com/hc/en-us/categories/360002336619-Materials"
            }
        },
        "GenericCPEPlus": {
            "filename": "/home/locxter/.cache/cura/4.4/cura_packages/GenericCPEPlus.curapackage",
            "package_info": {
                "author": {
                    "author_id": "Generic",
                    "display_name": "Generic",
                    "email": "plugins+generic@ultimaker.com",
                    "website": "https://www.ultimaker.com"
                },
                "description": "The generic CPE+ profile which other profiles can be based upon.",
                "display_name": "Generic CPE+",
                "is_active": false,
                "is_bundled": true,
                "is_installed": true,
                "package_id": "GenericCPEPlus",
                "package_type": "material",
                "package_version": "1.2.2",
                "sdk_version": 7,
                "sdk_version_semver": "7.0.0",
                "website": "https://support.ultimaker.com/hc/en-us/categories/360002336619-Materials"
            }
        },
        "GenericGFFCPE": {
            "filename": "/home/locxter/.cache/cura/4.4/cura_packages/GenericGFFCPE.curapackage",
            "package_info": {
                "author": {
                    "author_id": "Generic",
                    "display_name": "Generic",
                    "email": "plugins+generic@ultimaker.com",
                    "website": "https://www.ultimaker.com"
                },
                "description": "The generic GFF CPE profile which other profiles can be based upon.",
                "display_name": "Generic GFF CPE",
                "is_active": false,
                "is_bundled": true,
                "is_installed": true,
                "package_id": "GenericGFFCPE",
                "package_type": "material",
                "package_version": "1.2.2",
                "sdk_version": 7,
                "sdk_version_semver": "7.0.0",
                "website": "https://support.ultimaker.com/hc/en-us/categories/360002336619-Materials"
            }
        },
        "GenericGFFPA": {
            "filename": "/home/locxter/.cache/cura/4.4/cura_packages/GenericGFFPA.curapackage",
            "package_info": {
                "author": {
                    "author_id": "Generic",
                    "display_name": "Generic",
                    "email": "plugins+generic@ultimaker.com",
                    "website": "https://www.ultimaker.com"
                },
                "description": "The generic GFF PA profile which other profiles can be based upon.",
                "display_name": "Generic GFF PA",
                "is_active": false,
                "is_bundled": true,
                "is_installed": true,
                "package_id": "GenericGFFPA",
                "package_type": "material",
                "package_version": "1.2.2",
                "sdk_version": 7,
                "sdk_version_semver": "7.0.0",
                "website": "https://support.ultimaker.com/hc/en-us/categories/360002336619-Materials"
            }
        },
        "GenericHIPS": {
            "filename": "/home/locxter/.cache/cura/4.4/cura_packages/GenericHIPS.curapackage",
            "package_info": {
                "author": {
                    "author_id": "Generic",
                    "display_name": "Generic",
                    "email": "plugins+generic@ultimaker.com",
                    "website": "https://www.ultimaker.com"
                },
                "description": "The generic HIPS profile which other profiles can be based upon.",
                "display_name": "Generic HIPS",
                "is_active": false,
                "is_bundled": true,
                "is_installed": true,
                "package_id": "GenericHIPS",
                "package_type": "material",
                "package_version": "1.2.2",
                "sdk_version": 7,
                "sdk_version_semver": "7.0.0",
                "website": "https://support.ultimaker.com/hc/en-us/categories/360002336619-Materials"
            }
        },
        "GenericNylon": {
            "filename": "/home/locxter/.cache/cura/4.4/cura_packages/GenericNylon.curapackage",
            "package_info": {
                "author": {
                    "author_id": "Generic",
                    "display_name": "Generic",
                    "email": "plugins+generic@ultimaker.com",
                    "website": "https://www.ultimaker.com"
                },
                "description": "The generic Nylon profile which other profiles can be based upon.",
                "display_name": "Generic Nylon",
                "is_active": false,
                "is_bundled": true,
                "is_installed": true,
                "package_id": "GenericNylon",
                "package_type": "material",
                "package_version": "1.2.2",
                "sdk_version": 7,
                "sdk_version_semver": "7.0.0",
                "website": "https://support.ultimaker.com/hc/en-us/categories/360002336619-Materials"
            }
        },
        "GenericPC": {
            "filename": "/home/locxter/.cache/cura/4.4/cura_packages/GenericPC.curapackage",
            "package_info": {
                "author": {
                    "author_id": "Generic",
                    "display_name": "Generic",
                    "email": "plugins+generic@ultimaker.com",
                    "website": "https://www.ultimaker.com"
                },
                "description": "The generic PC profile which other profiles can be based upon.",
                "display_name": "Generic PC",
                "is_active": true,
                "is_bundled": false,
                "is_installed": true,
                "package_id": "GenericPC",
                "package_type": "material",
                "package_version": "1.2.2",
                "sdk_version": 7,
                "sdk_version_semver": "7.0.0",
                "website": "https://support.ultimaker.com/hc/en-us/categories/360002336619-Materials"
            }
        },
        "GenericPETG": {
            "filename": "/home/locxter/.cache/cura/4.4/cura_packages/GenericPETG.curapackage",
            "package_info": {
                "author": {
                    "author_id": "Generic",
                    "display_name": "Generic",
                    "email": "plugins+generic@ultimaker.com",
                    "website": "https://www.ultimaker.com"
                },
                "description": "The generic PETG profile which other profiles can be based upon.",
                "display_name": "Generic PETG",
                "is_active": false,
                "is_bundled": true,
                "is_installed": true,
                "package_id": "GenericPETG",
                "package_type": "material",
                "package_version": "1.2.2",
                "sdk_version": 7,
                "sdk_version_semver": "7.0.0",
                "website": "https://support.ultimaker.com/hc/en-us/categories/360002336619-Materials"
            }
        },
        "GenericPLA": {
            "filename": "/home/locxter/.cache/cura/4.4/cura_packages/GenericPLA.curapackage",
            "package_info": {
                "author": {
                    "author_id": "Generic",
                    "display_name": "Generic",
                    "email": "plugins+generic@ultimaker.com",
                    "website": "https://www.ultimaker.com"
                },
                "description": "The generic PLA profile which other profiles can be based upon.",
                "display_name": "Generic PLA",
                "is_active": false,
                "is_bundled": true,
                "is_installed": true,
                "package_id": "GenericPLA",
                "package_type": "material",
                "package_version": "1.2.2",
                "sdk_version": 7,
                "sdk_version_semver": "7.0.0",
                "website": "https://support.ultimaker.com/hc/en-us/categories/360002336619-Materials"
            }
        },
        "GenericPP": {
            "filename": "/home/locxter/.cache/cura/4.4/cura_packages/GenericPP.curapackage",
            "package_info": {
                "author": {
                    "author_id": "Generic",
                    "display_name": "Generic",
                    "email": "plugins+generic@ultimaker.com",
                    "website": "https://www.ultimaker.com"
                },
                "description": "The generic PP profile which other profiles can be based upon.",
                "display_name": "Generic PP",
                "is_active": false,
                "is_bundled": true,
                "is_installed": true,
                "package_id": "GenericPP",
                "package_type": "material",
                "package_version": "1.2.2",
                "sdk_version": 7,
                "sdk_version_semver": "7.0.0",
                "website": "https://support.ultimaker.com/hc/en-us/categories/360002336619-Materials"
            }
        },
        "GenericPVA": {
            "filename": "/home/locxter/.cache/cura/4.4/cura_packages/GenericPVA.curapackage",
            "package_info": {
                "author": {
                    "author_id": "Generic",
                    "display_name": "Generic",
                    "email": "plugins+generic@ultimaker.com",
                    "website": "https://www.ultimaker.com"
                },
                "description": "The generic Nylon profile which other profiles can be based upon.",
                "display_name": "Generic PVA",
                "is_active": false,
                "is_bundled": true,
                "is_installed": true,
                "package_id": "GenericPVA",
                "package_type": "material",
                "package_version": "1.2.2",
                "sdk_version": 7,
                "sdk_version_semver": "7.0.0",
                "website": "https://support.ultimaker.com/hc/en-us/categories/360002336619-Materials"
            }
        },
        "GenericTPU": {
            "filename": "/home/locxter/.cache/cura/4.4/cura_packages/GenericTPU.curapackage",
            "package_info": {
                "author": {
                    "author_id": "Generic",
                    "display_name": "Generic",
                    "email": "plugins+generic@ultimaker.com",
                    "website": "https://www.ultimaker.com"
                },
                "description": "The generic TPU profile which other profiles can be based upon.",
                "display_name": "Generic TPU",
                "is_active": false,
                "is_bundled": true,
                "is_installed": true,
                "package_id": "GenericTPU",
                "package_type": "material",
                "package_version": "1.2.2",
                "sdk_version": 7,
                "sdk_version_semver": "7.0.0",
                "website": "https://support.ultimaker.com/hc/en-us/categories/360002336619-Materials"
            }
        },
        "GenericToughPLA": {
            "filename": "/home/locxter/.cache/cura/4.4/cura_packages/GenericToughPLA.curapackage",
            "package_info": {
                "author": {
                    "author_id": "Generic",
                    "display_name": "Generic",
                    "email": "plugins+generic@ultimaker.com",
                    "website": "https://www.ultimaker.com"
                },
                "description": "The generic Tough PLA profile which other profiles can be based upon.",
                "display_name": "Generic Tough PLA",
                "is_active": false,
                "is_bundled": true,
                "is_installed": true,
                "package_id": "GenericToughPLA",
                "package_type": "material",
                "package_version": "1.2.2",
                "sdk_version": 7,
                "sdk_version_semver": "7.0.0",
                "website": "https://support.ultimaker.com/hc/en-us/categories/360002336619-Materials"
            }
        }
    },
    "to_install": {},
    "to_remove": [],
    "version": 1
}