{"add-an-image-to-pdf-with-alt-text-rollout":{"slug":"add-an-image-to-pdf-with-alt-text-rollout","branch":{"slug":"control","ratio":1,"feature":{"value":{},"enabled":false,"featureId":"this-is-included-for-desktop-pre-95-support"},"features":[{"value":{"boolean":true},"enabled":true,"featureId":"addAnImageInPDF"}]},"active":true,"experimentType":"rollout","source":"rs-loader","userFacingName":"Add an Image to PDF (with Alt Text) - Rollout","userFacingDescription":"One of the important features users need when managing their PDF files is adding an image. Users want an easy way to add an image to their PDF documents that they can easily resize and move around the document. This experiment measures the impact of launching this feature for Firefox users and if that impacts their usage in any way. Specifically, we are trying to understand the impact on Firefox Daily Active Users (DAU) as a result of launching this feature.","lastSeen":"2024-03-21T19:15:57.305Z","featureIds":["addAnImageInPDF"],"prefs":[{"name":"pdfjs.enableStampEditor","branch":"default","featureId":"addAnImageInPDF","variable":"boolean","originalValue":true}],"isRollout":true},"csv-import-release-rollout":{"slug":"csv-import-release-rollout","branch":{"slug":"enable-csv-import","ratio":1,"feature":{"value":{},"enabled":false,"featureId":"this-is-included-for-desktop-pre-95-support"},"features":[{"value":{"csvImport":true},"enabled":true,"featureId":"cm-csv-import"}]},"active":true,"experimentType":"rollout","source":"rs-loader","userFacingName":"CSV Import (Release Rollout)","userFacingDescription":"This rollout enables users to import logins from a CSV file from the about:logins page.","lastSeen":"2024-03-21T19:15:57.316Z","featureIds":["cm-csv-import"],"prefs":[{"name":"signon.management.page.fileImport.enabled","branch":"default","featureId":"cm-csv-import","variable":"csvImport","originalValue":true}],"isRollout":true},"ech-roll-out":{"slug":"ech-roll-out","branch":{"slug":"rollout","ratio":1,"feature":{"value":{},"enabled":false,"featureId":"this-is-included-for-desktop-pre-95-support"},"features":[{"value":{"h3Enabled":true,"tlsEnabled":true,"tlsGreaseProb":100,"h3GreaseEnabled":true,"forceWaitHttpsRR":true,"insecureFallback":false,"greasePaddingSize":100,"disableGreaseOnFallback":false},"enabled":true,"featureId":"echPrefs"}]},"active":true,"experimentType":"rollout","source":"rs-loader","userFacingName":"Encrypted Client Hello","userFacingDescription":"Encrypted Client Hello is a new TLS feature which provides greater privacy for HTTPS connections.","lastSeen":"2024-03-21T19:15:57.324Z","featureIds":["echPrefs"],"prefs":[{"name":"network.dns.http3_echconfig.enabled","branch":"default","featureId":"echPrefs","variable":"h3Enabled","originalValue":true},{"name":"network.dns.echconfig.enabled","branch":"default","featureId":"echPrefs","variable":"tlsEnabled","originalValue":true},{"name":"security.tls.ech.grease_probability","branch":"default","featureId":"echPrefs","variable":"tlsGreaseProb","originalValue":100},{"name":"security.tls.ech.grease_http3","branch":"default","featureId":"echPrefs","variable":"h3GreaseEnabled","originalValue":true},{"name":"network.dns.force_waiting_https_rr","branch":"default","featureId":"echPrefs","variable":"forceWaitHttpsRR","originalValue":true},{"name":"network.dns.echconfig.fallback_to_origin_when_all_failed","branch":"default","featureId":"echPrefs","variable":"insecureFallback","originalValue":false},{"name":"security.tls.ech.grease_size","branch":"default","featureId":"echPrefs","variable":"greasePaddingSize","originalValue":100},{"name":"security.tls.ech.disable_grease_on_fallback","branch":"default","featureId":"echPrefs","variable":"disableGreaseOnFallback","originalValue":false}],"isRollout":true},"mozillaaccounts-toolbar-button-default-visibility-existing-user":{"slug":"mozillaaccounts-toolbar-button-default-visibility-existing-user","branch":{"slug":"treatment-a","ratio":1,"feature":{"value":{},"enabled":false,"featureId":"this-is-included-for-desktop-pre-95-support"},"features":[{"value":{"boolean":true},"enabled":true,"featureId":"fxaButtonVisibility"}]},"active":true,"experimentType":"rollout","source":"rs-loader","userFacingName":"MozillaAccounts toolbar button default visibility rollout","userFacingDescription":"This experiment measures the impact of showing the Firefox Accounts toolbar button by default for signed-out users.","lastSeen":"2024-03-21T19:15:57.335Z","featureIds":["fxaButtonVisibility"],"prefs":[{"name":"identity.fxaccounts.toolbar.defaultVisible","branch":"user","featureId":"fxaButtonVisibility","variable":"boolean","originalValue":null}],"isRollout":true},"spocs-endpoint-rollout-release":{"slug":"spocs-endpoint-rollout-release","branch":{"slug":"control","ratio":1,"feature":{"value":{},"enabled":false,"featureId":"this-is-included-for-desktop-pre-95-support"},"features":[{"value":{"spocsEndpoint":"https://spocs.mozilla.net/spocs","spocsClearEndpoint":"https://spocs.mozilla.net/user","spocsEndpointAllowlist":"https://getpocket.cdn.mozilla.net/,https://firefox-api-proxy.cdn.mozilla.net/,https://spocs.getpocket.com/,https://spocs.mozilla.net/"},"enabled":true,"featureId":"pocketNewtab"}]},"active":true,"experimentType":"rollout","source":"rs-loader","userFacingName":"spocs endpoint rollout (release)","userFacingDescription":"Roll out change in sponsored content endpoint for new tab.","lastSeen":"2024-03-21T19:15:57.357Z","featureIds":["pocketNewtab"],"prefs":[{"name":"browser.newtabpage.activity-stream.discoverystream.spocs-endpoint","branch":"user","featureId":"pocketNewtab","variable":"spocsEndpoint","originalValue":null},{"name":"browser.newtabpage.activity-stream.discoverystream.endpointSpocsClear","branch":"user","featureId":"pocketNewtab","variable":"spocsClearEndpoint","originalValue":null},{"name":"browser.newtabpage.activity-stream.discoverystream.endpoints","branch":"user","featureId":"pocketNewtab","variable":"spocsEndpointAllowlist","originalValue":null}],"isRollout":true},"upgrade-spotlight-rollout":{"slug":"upgrade-spotlight-rollout","branch":{"slug":"treatment","ratio":1,"feature":{"value":{},"enabled":false,"featureId":"this-is-included-for-desktop-pre-95-support"},"features":[{"value":{"enabled":false},"enabled":true,"featureId":"upgradeDialog"}]},"active":true,"experimentType":"rollout","source":"rs-loader","userFacingName":"Upgrade Spotlight Rollout","userFacingDescription":"Experimenting on onboarding content when you upgrade Firefox.","lastSeen":"2024-03-21T19:15:57.381Z","featureIds":["upgradeDialog"],"prefs":[],"isRollout":true},"firefox-desktop-long-term-holdback-validation-release":{"slug":"firefox-desktop-long-term-holdback-validation-release","branch":{"slug":"delivery","ratio":9,"feature":{"value":{},"enabled":false,"featureId":"this-is-included-for-desktop-pre-95-support"},"features":[{"value":{},"enabled":true,"featureId":"no-feature-firefox-desktop"}]},"active":true,"experimentType":"nimbus","source":"rs-loader","userFacingName":"Firefox Desktop Long-term Holdback Validation Release","userFacingDescription":"This is an internal test of new experiment tooling","lastSeen":"2024-03-21T19:15:57.447Z","featureIds":["no-feature-firefox-desktop"],"prefs":[],"isRollout":false},"recommend-add-ons-staff-pick-relaunch":{"slug":"recommend-add-ons-staff-pick-relaunch","branch":{"slug":"treatment-d","ratio":1,"feature":{"value":{},"enabled":false,"featureId":"this-is-included-for-desktop-pre-95-support"},"features":[{"value":{"id":"ADDONS_STAFF_PICK","groups":["cfr"],"content":{"id":"ADDONS_STAFF_PICK","screens":[{"id":"ADDONS_STAFF_PICK_D","anchors":[{"selector":"#unified-extensions-button","arrow_width":"26.9","panel_position":{"anchor_attachment":"bottomcenter","callout_attachment":"topright"}}],"content":{"title":{"raw":"Get the inside scoop","marginInline":"0 48px"},"width":"310px","padding":16,"position":"callout","subtitle":{"raw":"See the add-ons our staff use to make browsing faster, safer, or just plain fun!","paddingInline":"34px 0"},"title_logo":{"width":"13px","height":"20px","imageURL":"https://firefox-settings-attachments.cdn.mozilla.net/main-workspace/ms-images/812ed1df-0a12-4ba4-b719-bad90e1bc844.svg","marginInline":"4px 14px"},"dismiss_button":{"size":"small","action":{"dismiss":true},"marginBlock":"14px 0","marginInline":"0 14px"},"primary_button":{"label":{"raw":"Explore add-ons"},"action":{"data":{"args":"https://addons.mozilla.org/en-US/firefox/collections/4757633/25c2b44583534b3fa8fea977c419cd/?page=1&collection_sort=-added","where":"tabshifted"},"type":"OPEN_URL","dismiss":true}}}}],"backdrop":"transparent","template":"multistage","transitions":false},"trigger":{"id":"defaultBrowserCheck"},"template":"feature_callout","frequency":{"lifetime":1},"targeting":"!screenImpressions.AW_AMO_INTRODUCE && !willShowDefaultPrompt && !activeNotifications && source == 'newtab' && !isFirstStartup"},"enabled":true,"featureId":"fxms-message-1"}]},"active":true,"experimentType":"nimbus","source":"rs-loader","userFacingName":"Recommend Add-ons - Staff pick Relaunch","userFacingDescription":"Recommending staff pick add-ons after first run.","lastSeen":"2024-03-21T19:15:57.457Z","featureIds":["fxms-message-1"],"prefs":[],"isRollout":false},"phc-rollout":{"slug":"phc-rollout","branch":{"slug":"rollout","ratio":1,"feature":{"value":{},"enabled":false,"featureId":"this-is-included-for-desktop-pre-95-support"},"features":[{"value":{"phcEnabled":true},"enabled":true,"featureId":"phc"}]},"active":true,"experimentType":"rollout","source":"rs-loader","userFacingName":"PHC Rollout","userFacingDescription":"Roll out the Probabilistic Heap Checker in Firefox Release.","lastSeen":"2024-03-21T19:15:57.459Z","featureIds":["phc"],"prefs":[{"name":"memory.phc.enabled","branch":"user","featureId":"phc","variable":"phcEnabled","originalValue":null}],"isRollout":true}}