{
    "head0": {
        "type": "header",
        "description": "Settings for the CPU Load desklet"
    },
    "head1": {
        "type": "header",
        "description": "General"
    },
    "per-core": {
        "type": "checkbox",
        "description": "Show all CPU cores",
        "default": true,
        "tooltip": "Display utilization of each CPU core rather than total CPU utilization.",
        "value": false
    },
    "refresh-interval": {
        "type": "spinbutton",
        "default": 5,
        "step": 1,
        "min": 1,
        "max": 15,
        "units": "seconds",
        "description": "Refresh interval",
        "tooltip": "Increase or decrease refresh interval in seconds.",
        "value": 5
    },
    "head2": {
        "type": "header",
        "description": "Layout"
    },
    "design": {
        "type": "combobox",
        "default": "thin",
        "description": "Design",
        "options": {
            "Thin": "thin",
            "Compact": "compact",
            "Thick": "thick"
        },
        "value": "thin"
    },
    "circle": {
        "type": "combobox",
        "default": "full-circle",
        "description": "Circle",
        "options": {
            "Speedometer": "speedometer",
            "Full Circle": "full-circle"
        },
        "value": "full-circle"
    },
    "scale-size": {
        "type": "spinbutton",
        "default": 1,
        "min": 0.4,
        "max": 10,
        "step": 0.2,
        "units": "scale factor",
        "description": "Desklet size",
        "tooltip": "Increase or decrease the size of the desklet.",
        "value": 1
    },
    "number-of-columns": {
        "type": "spinbutton",
        "default": 2,
        "step": 1,
        "min": 1,
        "max": 16,
        "units": "columns",
        "description": "Number of columns",
        "tooltip": "Increase or decrease number of columns.",
        "value": 2
    },
    "head3": {
        "type": "header",
        "description": "Colors"
    },
    "font-color": {
        "type": "colorchooser",
        "default": "rgba(255,255,255,1.0)",
        "description": "Font color",
        "value": "rgba(255,255,255,1.0)"
    },
    "color-theme": {
        "type": "combobox",
        "default": "random",
        "description": "Color theme",
        "options": {
            "Random": "random",
            "Static": "static",
            "Dynamic": "dynamic"
        },
        "value": "static"
    },
    "static-theme-color": {
        "type": "colorchooser",
        "default": "rgba(83,199,160,1.0)",
        "description": "Static theme color",
        "value": "rgb(255,255,255)"
    },
    "head4": {
        "type": "header",
        "description": "Background"
    },
    "show-background": {
        "type": "checkbox",
        "description": "Show background",
        "default": true,
        "value": true
    },
    "hide-decorations": {
        "type": "checkbox",
        "description": "Hide decorations",
        "default": false,
        "value": false
    },
    "__md5__": "8e2a39ff2a39902c76cc3a860495b239"
}