{
    "font-size": {
        "type": "spinbutton",
        "default": 50,
        "min": 10,
        "max": 200,
        "units": "px",
        "description": "Font size",
        "step": 1,
        "value": 96.0
    },
    "text-color": {
        "type": "colorchooser",
        "default": "rgb(255,255,255)",
        "description": "Text color",
        "tooltip": "Click the button to select a new text color",
        "value": "rgb(255,255,255)"
    },
    "use-custom-format": {
        "type": "switch",
        "default": false,
        "description": "Use a custom date format",
        "tooltip": "Check this to define a custom format for the time in the clock desklet.",
        "value": false
    },
    "date-format": {
        "type": "entry",
        "dependency": "use-custom-format",
        "default": "%l:%M %p",
        "description": "Date format",
        "tooltip": "Set your custom format here.",
        "value": "%l:%M %p"
    },
    "__md5__": "ea17d24b4f89d4d396c33ccaf8d7f6fc"
}